-- phpMyAdmin SQL Dump
-- version 5.2.0
-- https://www.phpmyadmin.net/
--
-- Host: 127.0.0.1
-- Generation Time: Feb 05, 2024 at 07:34 AM
-- Server version: 10.4.25-MariaDB
-- PHP Version: 8.0.23

SET SQL_MODE = "NO_AUTO_VALUE_ON_ZERO";
START TRANSACTION;
SET time_zone = "+00:00";


/*!40101 SET @OLD_CHARACTER_SET_CLIENT=@@CHARACTER_SET_CLIENT */;
/*!40101 SET @OLD_CHARACTER_SET_RESULTS=@@CHARACTER_SET_RESULTS */;
/*!40101 SET @OLD_COLLATION_CONNECTION=@@COLLATION_CONNECTION */;
/*!40101 SET NAMES utf8mb4 */;

--
-- Database: `kasir`
--

-- --------------------------------------------------------

--
-- Table structure for table `detailpenjualan`
--

CREATE TABLE `detailpenjualan` (
  `DetailID` int(11) NOT NULL,
  `PenjualanID` int(11) NOT NULL,
  `ProdukID` int(11) NOT NULL,
  `JumlahProduk` int(11) NOT NULL,
  `Subtotal` decimal(10,2) NOT NULL
) ENGINE=InnoDB DEFAULT CHARSET=utf8mb4;

--
-- Dumping data for table `detailpenjualan`
--

INSERT INTO `detailpenjualan` (`DetailID`, `PenjualanID`, `ProdukID`, `JumlahProduk`, `Subtotal`) VALUES
(2, 7, 5, 15, '75000.00'),
(5, 8, 6, 6, '12000.00'),
(7, 9, 7, 10, '130000.00'),
(9, 9, 8, 5, '70000.00'),
(10, 9, 10, 5, '50000.00');

-- --------------------------------------------------------

--
-- Table structure for table `pelanggan`
--

CREATE TABLE `pelanggan` (
  `PelangganID` int(11) NOT NULL,
  `NamaPelanggan` varchar(255) NOT NULL,
  `Alamat` text NOT NULL,
  `NomorTelepon` varchar(15) NOT NULL
) ENGINE=InnoDB DEFAULT CHARSET=utf8mb4;

--
-- Dumping data for table `pelanggan`
--

INSERT INTO `pelanggan` (`PelangganID`, `NamaPelanggan`, `Alamat`, `NomorTelepon`) VALUES
(502042857, 'Bu Herlina', 'KP.Paratag', '0896678690'),
(1801163457, 'Bu Elin', 'KP.Madur', '088866667777');

-- --------------------------------------------------------

--
-- Table structure for table `penjualan`
--

CREATE TABLE `penjualan` (
  `PenjualanID` int(11) NOT NULL,
  `TanggalPenjualan` date NOT NULL,
  `TotalHarga` decimal(10,2) NOT NULL,
  `PelangganID` int(11) NOT NULL
) ENGINE=InnoDB DEFAULT CHARSET=utf8mb4;

--
-- Dumping data for table `penjualan`
--

INSERT INTO `penjualan` (`PenjualanID`, `TanggalPenjualan`, `TotalHarga`, `PelangganID`) VALUES
(7, '2024-01-18', '75000.00', 1801163457),
(9, '2024-02-05', '250000.00', 502042857);

-- --------------------------------------------------------

--
-- Table structure for table `petugas`
--

CREATE TABLE `petugas` (
  `id_petugas` int(11) NOT NULL,
  `nama_petugas` varchar(255) NOT NULL,
  `username` text NOT NULL,
  `password` text NOT NULL,
  `level` int(11) NOT NULL
) ENGINE=InnoDB DEFAULT CHARSET=utf8mb4;

--
-- Dumping data for table `petugas`
--

INSERT INTO `petugas` (`id_petugas`, `nama_petugas`, `username`, `password`, `level`) VALUES
(1, 'Administrator', 'admin', '1234567', 1),
(3, 'ALDIN', 'petugas', '112233', 2);

-- --------------------------------------------------------

--
-- Table structure for table `produk`
--

CREATE TABLE `produk` (
  `ProdukID` int(11) NOT NULL,
  `NamaProduk` varchar(255) NOT NULL,
  `Harga` decimal(10,2) NOT NULL,
  `Stok` int(11) NOT NULL
) ENGINE=InnoDB DEFAULT CHARSET=utf8mb4;

--
-- Dumping data for table `produk`
--

INSERT INTO `produk` (`ProdukID`, `NamaProduk`, `Harga`, `Stok`) VALUES
(5, 'Kalpa', '15000.00', 165),
(7, 'ENERGEN', '13000.00', 227),
(8, 'Mie Oven', '14000.00', 105),
(9, 'Choki Choki', '10000.00', 61),
(10, 'Better', '10000.00', 62),
(11, 'Beng-Beng', '15000.00', 282);

--
-- Indexes for dumped tables
--

--
-- Indexes for table `detailpenjualan`
--
ALTER TABLE `detailpenjualan`
  ADD PRIMARY KEY (`DetailID`);

--
-- Indexes for table `pelanggan`
--
ALTER TABLE `pelanggan`
  ADD PRIMARY KEY (`PelangganID`);

--
-- Indexes for table `penjualan`
--
ALTER TABLE `penjualan`
  ADD PRIMARY KEY (`PenjualanID`);

--
-- Indexes for table `petugas`
--
ALTER TABLE `petugas`
  ADD PRIMARY KEY (`id_petugas`);

--
-- Indexes for table `produk`
--
ALTER TABLE `produk`
  ADD PRIMARY KEY (`ProdukID`);

--
-- AUTO_INCREMENT for dumped tables
--

--
-- AUTO_INCREMENT for table `detailpenjualan`
--
ALTER TABLE `detailpenjualan`
  MODIFY `DetailID` int(11) NOT NULL AUTO_INCREMENT, AUTO_INCREMENT=11;

--
-- AUTO_INCREMENT for table `penjualan`
--
ALTER TABLE `penjualan`
  MODIFY `PenjualanID` int(11) NOT NULL AUTO_INCREMENT, AUTO_INCREMENT=10;

--
-- AUTO_INCREMENT for table `petugas`
--
ALTER TABLE `petugas`
  MODIFY `id_petugas` int(11) NOT NULL AUTO_INCREMENT, AUTO_INCREMENT=5;

--
-- AUTO_INCREMENT for table `produk`
--
ALTER TABLE `produk`
  MODIFY `ProdukID` int(11) NOT NULL AUTO_INCREMENT, AUTO_INCREMENT=12;
COMMIT;

/*!40101 SET CHARACTER_SET_CLIENT=@OLD_CHARACTER_SET_CLIENT */;
/*!40101 SET CHARACTER_SET_RESULTS=@OLD_CHARACTER_SET_RESULTS */;
/*!40101 SET COLLATION_CONNECTION=@OLD_COLLATION_CONNECTION */;
